time,prec,deep_perc,root_depth,PT,AT
0,,,,,
1,0,0,0,0,0
2,0,0,0,0,0
3,0,0,0,0,0
4,0,0,1,1,0.4
5,0,0,3,1,0.673450209894122
6,0,0,3.25,1,0.204683443185916
7,0,0,4.5,1,0.338493507640338
8,0,0,4.75,1,0.256261224020038
9,0,0,5,0,0
10,0,0,5.5,0,0
