time,prec,deep_perc,root_depth,root_frac,PE,AE
0,0,0,0,0,0,0
1, 0, 0, 0, 0, 0, 0
2, 0, 0, 1, 1, 0.25, 0.25
3, 0, 0, 3.5, 0.854884690815531, 0.5, 0.5
4, 0, 0, 5, 0.593987426033547, 1, 0.45
5, 0, 0, 5.5, 0.538892093793603, 0, 0.45
