thiccness,vwc,z,fc,w_top,w_bot,root_frac,wp,AE,time
1,0.5,1,0.6,0,0,0,0.1,0,0
1,0.5,2,0.6,0,0,0,0.1,0,0
1,0.5,3,0.6,0,0,0,0.1,0,0
"c(1, 1, 1), c(0.5, 0.5, 0.5), c(1, 2, 3), c(0.6, 0.6, 0.6), c(0, 0, 0), c(0, 0, 0), c(0, 0, 0), c(0.1, 0.1, 0.1), c(0, 0, 0), c(1, 1, 1)"
"c(1, 1, 1), c(0.25, 0.5, 0.5), c(1, 2, 3), c(0.6, 0.6, 0.6), c(0, 0, 0), c(0, 0, 0), c(1, 0, 0), c(0.1, 0.1, 0.1), c(0.25, 0, 0), c(2, 2, 2)"
"c(1, 1, 1), c(0.1, 0.15, 0.5), c(1, 2, 3), c(0.6, 0.6, 0.6), c(0, 0, 0), c(0, 0, 0), c(0.278178020377721, 0.287057747792725, 0.289648922645084), c(0.1, 0.1, 0.1), c(0.15, 0.35, 0), c(3, 3, 3)"
"c(1, 1, 1), c(0.1, 0.1, 0.1), c(1, 2, 3), c(0.6, 0.6, 0.6), c(0, 0, 0), c(0, 0, 0), c(0.191212265450394, 0.200091992865397, 0.202683167717756), c(0.1, 0.1, 0.1), c(0, 0.05, 0.4), c(4, 4, 4)"
"c(1, 1, 1), c(0.1, 0.1, 0.1), c(1, 2, 3), c(0.6, 0.6, 0.6), c(0, 0, 0), c(0, 0, 0), c(0.172847154703745, 0.181726882118749, 0.184318056971108), c(0.1, 0.1, 0.1), c(0, 0.05, 0.4), c(5, 5, 5)"
